K,G,S,CV,NPfix
10.0,0.25,0.0,0.0,1.6819269234338
10.0,0.25,0.0,0.01,1.683836847646748
10.0,0.25,0.0,0.1,1.6976875079433285
10.0,0.25,0.0,0.5,1.9668514995750193
10.0,0.25,0.0,1.0,1.981443440707163
10.0,0.25,0.01,0.0,1.6622386913246225
10.0,0.25,0.01,0.01,1.659352668849709
10.0,0.25,0.01,0.1,1.6756740402477717
10.0,0.25,0.01,0.5,1.9651231032626513
10.0,0.25,0.01,1.0,1.9811836164417906
10.0,0.25,0.1,0.0,1.418631672476249
10.0,0.25,0.1,0.01,1.4211728283376555
10.0,0.25,0.1,0.1,1.4504690563571465
10.0,0.25,0.1,0.5,1.9505006237545162
10.0,0.25,0.1,1.0,1.9763684786323403
10.0,0.25,0.5,0.0,0.5605288158644759
10.0,0.25,0.5,0.01,0.5651249537486125
10.0,0.25,0.5,0.1,0.5736532407425927
10.0,0.25,0.5,0.5,1.6517361861901307
10.0,0.25,0.5,1.0,1.9291693261602991
10.0,0.25,1.0,0.0,0.413036
10.0,0.25,1.0,0.01,0.414908
10.0,0.25,1.0,0.1,0.415412
10.0,0.25,1.0,0.5,0.6412942989214175
10.0,0.25,1.0,1.0,1.6717040484172379
10.0,0.3,0.0,0.0,1.6107816014372236
10.0,0.3,0.0,0.01,1.6101095000434604
10.0,0.3,0.0,0.1,1.6275818278147838
10.0,0.3,0.0,0.5,1.9436327211747568
10.0,0.3,0.0,1.0,1.9671646049440583
10.0,0.3,0.01,0.0,1.5889803801150688
10.0,0.3,0.01,0.01,1.589113370742487
10.0,0.3,0.01,0.1,1.6049356266548094
10.0,0.3,0.01,0.5,1.9415983334795552
10.0,0.3,0.01,1.0,1.965926324543809
10.0,0.3,0.1,0.0,1.3579984672294871
10.0,0.3,0.1,0.01,1.360443786506187
10.0,0.3,0.1,0.1,1.390002838844248
10.0,0.3,0.1,0.5,1.920717604395694
10.0,0.3,0.1,1.0,1.9599939650462
10.0,0.3,0.5,0.0,0.6263185474677089
10.0,0.3,0.5,0.01,0.6283461606157096
10.0,0.3,0.5,0.1,0.6354755866328514
10.0,0.3,0.5,0.5,1.5835714647359627
10.0,0.3,0.5,1.0,1.8963047018821406
10.0,0.3,1.0,0.0,0.493004
10.0,0.3,1.0,0.01,0.494632
10.0,0.3,1.0,0.1,0.495284
10.0,0.3,1.0,0.5,0.6927441158636037
10.0,0.3,1.0,1.0,1.6088652864383726
10.0,0.35,0.0,0.0,1.545301401925927
10.0,0.35,0.0,0.01,1.5469475628502511
10.0,0.35,0.0,0.1,1.5618477525198282
10.0,0.35,0.0,0.5,1.914946563501677
10.0,0.35,0.0,1.0,1.947332632750201
10.0,0.35,0.01,0.0,1.524366479623945
10.0,0.35,0.01,0.01,1.5256699770941085
10.0,0.35,0.01,0.1,1.541150283854425
10.0,0.35,0.01,0.5,1.911911112026444
10.0,0.35,0.01,1.0,1.94558263259726
10.0,0.35,0.1,0.0,1.309038346942391
10.0,0.35,0.1,0.01,1.308549766773298
10.0,0.35,0.1,0.1,1.3381172385736095
10.0,0.35,0.1,0.5,1.8854956650519885
10.0,0.35,0.1,1.0,1.9375636002587269
10.0,0.35,0.5,0.0,0.684051153432296
10.0,0.35,0.5,0.01,0.6813990791742168
10.0,0.35,0.5,0.1,0.6892183256063267
10.0,0.35,0.5,0.5,1.523173806594638
10.0,0.35,0.5,1.0,1.85627062298913
10.0,0.35,1.0,0.0,0.563472
10.0,0.35,1.0,0.01,0.563788
10.0,0.35,1.0,0.1,0.5663011326022652
10.0,0.35,1.0,0.5,0.7387051718686842
10.0,0.35,1.0,1.0,1.554369310289261
10.0,0.4,0.0,0.0,1.4840904526486836
10.0,0.4,0.0,0.01,1.4841792765060278
10.0,0.4,0.0,0.1,1.5000680364675465
10.0,0.4,0.0,0.5,1.8788951206651119
10.0,0.4,0.0,1.0,1.9207289579158318
10.0,0.4,0.01,0.0,1.465870438614628
10.0,0.4,0.01,0.01,1.46539494622893
10.0,0.4,0.01,0.1,1.481163094960395
10.0,0.4,0.01,0.5,1.8751152092951484
10.0,0.4,0.01,1.0,1.9191485096412866
10.0,0.4,0.1,0.0,1.2664103550432904
10.0,0.4,0.1,0.01,1.2671888248219136
10.0,0.4,0.1,0.1,1.290046099855472
10.0,0.4,0.1,0.5,1.841715247173041
10.0,0.4,0.1,1.0,1.908072961812641
10.0,0.4,0.5,0.0,0.7292418772563177
10.0,0.4,0.5,0.01,0.7301997475904084
10.0,0.4,0.5,0.1,0.7368627380388062
10.0,0.4,0.5,0.5,1.4687497457509906
10.0,0.4,0.5,1.0,1.8133517701871091
10.0,0.4,1.0,0.0,0.62536
10.0,0.4,1.0,0.01,0.625608
10.0,0.4,1.0,0.1,0.626956
10.0,0.4,1.0,0.5,0.7770562467356001
10.0,0.4,1.0,1.0,1.5036688178117268
10.0,0.45,0.0,0.0,1.4263719961388
10.0,0.45,0.0,0.01,1.427492643592203
10.0,0.45,0.0,0.1,1.4423654141611468
10.0,0.45,0.0,0.5,1.8363737034751515
10.0,0.45,0.0,1.0,1.8893881856987902
10.0,0.45,0.01,0.0,1.410743496385415
10.0,0.45,0.01,0.01,1.4126111202463678
10.0,0.45,0.01,0.1,1.4241933975878147
10.0,0.45,0.01,0.5,1.8327709479747791
10.0,0.45,0.01,1.0,1.8862744348852365
10.0,0.45,0.1,0.0,1.2311071347970468
10.0,0.45,0.1,0.01,1.231440696067092
10.0,0.45,0.1,0.1,1.2521464075915048
10.0,0.45,0.1,0.5,1.7950954274312074
10.0,0.45,0.1,1.0,1.8722991120165005
10.0,0.45,0.5,0.0,0.7690593767313296
10.0,0.45,0.5,0.01,0.7703969790549946
10.0,0.45,0.5,0.1,0.774617067833698
10.0,0.45,0.5,0.5,1.4215183806658849
10.0,0.45,0.5,1.0,1.7653492074479131
10.0,0.45,1.0,0.0,0.67858
10.0,0.45,1.0,0.01,0.6822
10.0,0.45,1.0,0.1,0.682012
10.0,0.45,1.0,0.5,0.8105590745799686
10.0,0.45,1.0,1.0,1.4577331907021438
10.0,0.5,0.0,0.0,1.3771549399537213
10.0,0.5,0.0,0.01,1.3779010832882133
10.0,0.5,0.0,0.1,1.3911599350372803
10.0,0.5,0.0,0.5,1.7876676914627265
10.0,0.5,0.0,1.0,1.8510494655299259
10.0,0.5,0.01,0.0,1.3603240512918535
10.0,0.5,0.01,0.01,1.3595838315803175
10.0,0.5,0.01,0.1,1.3737376205368779
10.0,0.5,0.01,0.5,1.783935594992245
10.0,0.5,0.01,1.0,1.8492292516624196
10.0,0.5,0.1,0.0,1.2017880618441958
10.0,0.5,0.1,0.01,1.2017583658489863
10.0,0.5,0.1,0.1,1.2198747585884004
10.0,0.5,0.1,0.5,1.741529175392893
10.0,0.5,0.1,1.0,1.8332887504422335
10.0,0.5,0.5,0.0,0.8065283264163208
10.0,0.5,0.5,0.01,0.8037489724527328
10.0,0.5,0.5,0.1,0.810275304226772
10.0,0.5,0.5,0.5,1.373038573277369
10.0,0.5,0.5,1.0,1.7175978554098306
10.0,0.5,1.0,0.0,0.728916
10.0,0.5,1.0,0.01,0.728168
10.0,0.5,1.0,0.1,0.729288
10.0,0.5,1.0,0.5,0.8384748089708643
10.0,0.5,1.0,1.0,1.4164669979586366
10.0,0.55,0.0,0.0,1.3265942328904257
10.0,0.55,0.0,0.01,1.3302630720553217
10.0,0.55,0.0,0.1,1.3422461421612064
10.0,0.55,0.0,0.5,1.734247770242275
10.0,0.55,0.0,1.0,1.8042876718383944
10.0,0.55,0.01,0.0,1.3128523019777785
10.0,0.55,0.01,0.01,1.3116238341546858
10.0,0.55,0.01,0.1,1.3248262462461238
10.0,0.55,0.01,0.5,1.7292023570335509
10.0,0.55,0.01,1.0,1.8050486140734372
10.0,0.55,0.1,0.0,1.1737976327828115
10.0,0.55,0.1,0.01,1.1736932560879179
10.0,0.55,0.1,0.1,1.188868983541397
10.0,0.55,0.1,0.5,1.6823339015601062
10.0,0.55,0.1,1.0,1.782876680722587
10.0,0.55,0.5,0.0,0.8356087667857386
10.0,0.55,0.5,0.01,0.8348813952558102
10.0,0.55,0.5,0.1,0.8377003144226385
10.0,0.55,0.5,0.5,1.3319177630163126
10.0,0.55,0.5,1.0,1.6625903745106838
10.0,0.55,1.0,0.0,0.767764
10.0,0.55,1.0,0.01,0.77116
10.0,0.55,1.0,0.1,0.771036
10.0,0.55,1.0,0.5,0.868855674394774
10.0,0.55,1.0,1.0,1.3773775639989891
10.0,0.6,0.0,0.0,1.283718556027442
10.0,0.6,0.0,0.01,1.2818488322197021
10.0,0.6,0.0,0.1,1.2925594477115827
10.0,0.6,0.0,0.5,1.6743419739672263
10.0,0.6,0.0,1.0,1.7545379379084598
10.0,0.6,0.01,0.0,1.26955808511029
10.0,0.6,0.01,0.01,1.2680321368650451
10.0,0.6,0.01,0.1,1.2791888540970915
10.0,0.6,0.01,0.5,1.6682627068930787
10.0,0.6,0.01,1.0,1.7509015796308613
10.0,0.6,0.1,0.0,1.1467567147519675
10.0,0.6,0.1,0.01,1.1484824321459934
10.0,0.6,0.1,0.1,1.1631214559681193
10.0,0.6,0.1,0.5,1.623479522374735
10.0,0.6,0.1,1.0,1.7299356807532869
10.0,0.6,0.5,0.0,0.8667285367980607
10.0,0.6,0.5,0.01,0.8606555901571472
10.0,0.6,0.5,0.1,0.8679612854448394
10.0,0.6,0.5,0.5,1.287825972573909
10.0,0.6,0.5,1.0,1.604170928860895
10.0,0.6,1.0,0.0,0.807392
10.0,0.6,1.0,0.01,0.80742
10.0,0.6,1.0,0.1,0.81024
10.0,0.6,1.0,0.5,0.8882301963602012
10.0,0.6,1.0,1.0,1.3371483765943142
10.0,0.65,0.0,0.0,1.2404373483558555
10.0,0.65,0.0,0.01,1.238975323533621
10.0,0.65,0.0,0.1,1.2481836895629999
10.0,0.65,0.0,0.5,1.6099970400229568
10.0,0.65,0.0,1.0,1.6939056723465264
10.0,0.65,0.01,0.0,1.2287773134474687
10.0,0.65,0.01,0.01,1.2295159656175443
10.0,0.65,0.01,0.1,1.241304828060185
10.0,0.65,0.01,0.5,1.6031214860184377
10.0,0.65,0.01,1.0,1.692337667759938
10.0,0.65,0.1,0.0,1.1266135255356198
10.0,0.65,0.1,0.01,1.1251802804497215
10.0,0.65,0.1,0.1,1.1357887348728644
10.0,0.65,0.1,0.5,1.5572626473087787
10.0,0.65,0.1,1.0,1.6706977813541786
10.0,0.65,0.5,0.0,0.8849711167650777
10.0,0.65,0.5,0.01,0.8845899986799314
10.0,0.65,0.5,0.1,0.8904272341787343
10.0,0.65,0.5,0.5,1.2499201608732649
10.0,0.65,0.5,1.0,1.5422421477173442
10.0,0.65,1.0,0.0,0.840936
10.0,0.65,1.0,0.01,0.838336
10.0,0.65,1.0,0.1,0.84102
10.0,0.65,1.0,0.5,0.9111690266584997
10.0,0.65,1.0,1.0,1.299604802652511
10.0,0.7,0.0,0.0,1.197259606426739
10.0,0.7,0.0,0.01,1.19810851271675
10.0,0.7,0.0,0.1,1.2060623222486242
10.0,0.7,0.0,0.5,1.5368952414666608
10.0,0.7,0.0,1.0,1.6283365152336964
10.0,0.7,0.01,0.0,1.1905831934456932
10.0,0.7,0.01,0.01,1.1901856796463868
10.0,0.7,0.01,0.1,1.19962546663006
10.0,0.7,0.01,0.5,1.5322048377873771
10.0,0.7,0.01,1.0,1.6245460005147712
10.0,0.7,0.1,0.0,1.1051914556450309
10.0,0.7,0.1,0.01,1.1019071851386282
10.0,0.7,0.1,0.1,1.1145188354812656
10.0,0.7,0.1,0.5,1.4889995680812007
10.0,0.7,0.1,1.0,1.6009631712010868
10.0,0.7,0.5,0.0,0.9111986719203152
10.0,0.7,0.5,0.01,0.9088796215735101
10.0,0.7,0.5,0.1,0.910316107817488
10.0,0.7,0.5,0.5,1.2127652536345743
10.0,0.7,0.5,1.0,1.479048580724784
10.0,0.7,1.0,0.0,0.868912
10.0,0.7,1.0,0.01,0.869208
10.0,0.7,1.0,0.1,0.869172
10.0,0.7,1.0,0.5,0.9262213858888767
10.0,0.7,1.0,1.0,1.2594960701559301
10.0,0.75,0.0,0.0,1.162740425043173
10.0,0.75,0.0,0.01,1.1642266882216332
10.0,0.75,0.0,0.1,1.1706020463289533
10.0,0.75,0.0,0.5,1.4621038588955761
10.0,0.75,0.0,1.0,1.5504513994860838
10.0,0.75,0.01,0.0,1.1533516762475637
10.0,0.75,0.01,0.01,1.150680331997101
10.0,0.75,0.01,0.1,1.1616970054894917
10.0,0.75,0.01,0.5,1.4572478180499333
10.0,0.75,0.01,1.0,1.548492085504532
10.0,0.75,0.1,0.0,1.086544995631492
10.0,0.75,0.1,0.01,1.0855356164134218
10.0,0.75,0.1,0.1,1.0928237145281456
10.0,0.75,0.1,0.5,1.4166085837753346
10.0,0.75,0.1,1.0,1.5262527227830844
10.0,0.75,0.5,0.0,0.925653687913899
10.0,0.75,0.5,0.01,0.9268092664525136
10.0,0.75,0.5,0.1,0.9317484033690763
10.0,0.75,0.5,0.5,1.1721229479276924
10.0,0.75,0.5,1.0,1.4118803481180098
10.0,0.75,1.0,0.0,0.897148
10.0,0.75,1.0,0.01,0.898452
10.0,0.75,1.0,0.1,0.895256
10.0,0.75,1.0,0.5,0.9420564639647305
10.0,0.75,1.0,1.0,1.2215478125782586
10.0,0.8,0.0,0.0,1.1243600533716513
10.0,0.8,0.0,0.01,1.126639796150932
10.0,0.8,0.0,0.1,1.1316986017714052
10.0,0.8,0.0,0.5,1.383925878043525
10.0,0.8,0.0,1.0,1.4693927273465577
10.0,0.8,0.01,0.0,1.1234212629896083
10.0,0.8,0.01,0.01,1.1216647501214496
10.0,0.8,0.01,0.1,1.125081943294213
10.0,0.8,0.01,0.5,1.3752675738695004
10.0,0.8,0.01,1.0,1.4618649550315224
10.0,0.8,0.1,0.0,1.0688046753425462
10.0,0.8,0.1,0.01,1.0649149891447522
10.0,0.8,0.1,0.1,1.0738564528155088
10.0,0.8,0.1,0.5,1.3387003838254292
10.0,0.8,0.1,1.0,1.4429793673863858
10.0,0.8,0.5,0.0,0.9438221575043805
10.0,0.8,0.5,0.01,0.9438696218305028
10.0,0.8,0.5,0.1,0.9460941781712425
10.0,0.8,0.5,0.5,1.1407979536658626
10.0,0.8,0.5,1.0,1.3410964311421738
10.0,0.8,1.0,0.0,0.920828
10.0,0.8,1.0,0.01,0.91844
10.0,0.8,1.0,0.1,0.921064
10.0,0.8,1.0,0.5,0.9588128686004946
10.0,0.8,1.0,1.0,1.1797567401554243
10.0,0.85,0.0,0.0,1.093426515930113
10.0,0.85,0.0,0.01,1.0914323538722768
10.0,0.85,0.0,0.1,1.097458701058926
10.0,0.85,0.0,0.5,1.2954174605501
10.0,0.85,0.0,1.0,1.3709456744669732
10.0,0.85,0.01,0.0,1.0875525933037518
10.0,0.85,0.01,0.01,1.0879326972401764
10.0,0.85,0.01,0.1,1.09335516935605
10.0,0.85,0.01,0.5,1.2912904421085476
10.0,0.85,0.01,1.0,1.3667078459718753
10.0,0.85,0.1,0.0,1.0469957081545065
10.0,0.85,0.1,0.01,1.048761230711923
10.0,0.85,0.1,0.1,1.0533239522864275
10.0,0.85,0.1,0.5,1.260098591881501
10.0,0.85,0.1,1.0,1.3517254529104537
10.0,0.85,0.5,0.0,0.9599763178212396
10.0,0.85,0.5,0.01,0.9577460281266439
10.0,0.85,0.5,0.1,0.9628411693520158
10.0,0.85,0.5,0.5,1.1063806652084998
10.0,0.85,0.5,1.0,1.2668562625903543
10.0,0.85,1.0,0.0,0.944472
10.0,0.85,1.0,0.01,0.9421698843397687
10.0,0.85,1.0,0.1,0.944252
10.0,0.85,1.0,0.5,0.9700763615676157
10.0,0.85,1.0,1.0,1.1392113926759515
10.0,0.9,0.0,0.0,1.059794086045851
10.0,0.9,0.0,0.01,1.058099910279943
10.0,0.9,0.0,0.1,1.0643864133877194
10.0,0.9,0.0,0.5,1.204599353933566
10.0,0.9,0.0,1.0,1.2609686283177388
10.0,0.9,0.01,0.0,1.0556491372226786
10.0,0.9,0.01,0.01,1.0576959009812759
10.0,0.9,0.01,0.1,1.061138356000807
10.0,0.9,0.01,0.5,1.1989857113706832
10.0,0.9,0.01,1.0,1.259707456219141
10.0,0.9,0.1,0.0,1.030510383496601
10.0,0.9,0.1,0.01,1.0312432901064266
10.0,0.9,0.1,0.1,1.0355098155811315
10.0,0.9,0.1,0.5,1.1744333522295993
10.0,0.9,0.1,1.0,1.2475818912442789
10.0,0.9,0.5,0.0,0.9787760049444648
10.0,0.9,0.5,0.01,0.9720413159663328
10.0,0.9,0.5,0.1,0.9763950257732474
10.0,0.9,0.5,0.5,1.0696334825564418
10.0,0.9,0.5,1.0,1.1829268587947888
10.0,0.9,1.0,0.0,0.964832
10.0,0.9,1.0,0.01,0.964528
10.0,0.9,1.0,0.1,0.962352
10.0,0.9,1.0,0.5,0.9817371634198289
10.0,0.9,1.0,1.0,1.0972244382323306
10.0,0.95,0.0,0.0,1.0285763715113656
10.0,0.95,0.0,0.01,1.0291210104957662
10.0,0.95,0.0,0.1,1.0318304250115673
10.0,0.95,0.0,0.5,1.1045315526557242
10.0,0.95,0.0,1.0,1.1387843643220712
10.0,0.95,0.01,0.0,1.0268879883047428
10.0,0.95,0.01,0.01,1.0262019329631915
10.0,0.95,0.01,0.1,1.0281009729876847
10.0,0.95,0.01,0.5,1.1020771724801368
10.0,0.95,0.01,1.0,1.139779474130619
10.0,0.95,0.1,0.0,1.0165129579583536
10.0,0.95,0.1,0.01,1.0155659689004912
10.0,0.95,0.1,0.1,1.0149795235154548
10.0,0.95,0.1,0.5,1.0896038806713093
10.0,0.95,0.1,1.0,1.1305883000991517
10.0,0.95,0.5,0.0,0.9872446989592939
10.0,0.95,0.5,0.01,0.9871867699299133
10.0,0.95,0.5,0.1,0.9884584303465271
10.0,0.95,0.5,0.5,1.0342528051593407
10.0,0.95,0.5,1.0,1.0929863047654458
10.0,0.95,1.0,0.0,0.9831
10.0,0.95,1.0,0.01,0.982768
10.0,0.95,1.0,0.1,0.98096
10.0,0.95,1.0,0.5,0.992578399796372
10.0,0.95,1.0,1.0,1.0505357704942744
10.0,1.0,0.0,0.0,1.0011323019554381
10.0,1.0,0.0,0.01,1.000627021318725
10.0,1.0,0.0,0.1,0.9995657334761587
10.0,1.0,0.0,0.5,0.999499084263419
10.0,1.0,0.0,1.0,1.0010260474110784
10.0,1.0,0.01,0.0,0.9981868958463245
10.0,1.0,0.01,0.01,1.0005907501291622
10.0,1.0,0.01,0.1,1.0012904025023486
10.0,1.0,0.01,0.5,1.0005788794658734
10.0,1.0,0.01,1.0,0.9994010686351741
10.0,1.0,0.1,0.0,1.0015051015233574
10.0,1.0,0.1,0.01,1.0017110096578792
10.0,1.0,0.1,0.1,1.0023654690294261
10.0,1.0,0.1,0.5,0.9996620765396638
10.0,1.0,0.1,1.0,1.002122728107215
10.0,1.0,0.5,0.0,1.001236163173539
10.0,1.0,0.5,0.01,1.0019202688376372
10.0,1.0,0.5,0.1,0.999527918802034
10.0,1.0,0.5,0.5,0.9994908652744661
10.0,1.0,0.5,1.0,1.0015431155656054
10.0,1.0,1.0,0.0,0.999056
10.0,1.0,1.0,0.01,0.999548
10.0,1.0,1.0,0.1,1.001104
10.0,1.0,1.0,0.5,1.000332804054596
10.0,1.0,1.0,1.0,0.9977291671360021
100.0,0.25,0.0,0.0,1.7296225051693113
100.0,0.25,0.0,0.01,1.731704534309065
100.0,0.25,0.0,0.1,1.8435623348546721
100.0,0.25,0.0,0.5,1.9999679992959845
100.0,0.25,0.0,1.0,1.9999959999599997
100.0,0.25,0.01,0.0,1.530314188513108
100.0,0.25,0.01,0.01,1.5335301239781063
100.0,0.25,0.01,0.1,1.7486239707301061
100.0,0.25,0.01,0.5,1.9999679992959845
100.0,0.25,0.01,1.0,1.9999879998559982
100.0,0.25,0.1,0.0,0.504172
100.0,0.25,0.1,0.01,0.501516
100.0,0.25,0.1,0.1,0.628652
100.0,0.25,0.1,0.5,1.9999079983439703
100.0,0.25,0.1,1.0,1.9999879999519998
100.0,0.25,0.5,0.0,0.38068
100.0,0.25,0.5,0.01,0.381116
100.0,0.25,0.5,0.1,0.380828
100.0,0.25,0.5,0.5,1.9380776709906131
100.0,0.25,0.5,1.0,1.9998919984879788
100.0,0.25,1.0,0.0,0.352488
100.0,0.25,1.0,0.01,0.35162
100.0,0.25,1.0,0.1,0.35454
100.0,0.25,1.0,0.5,0.567449079185267
100.0,0.25,1.0,1.0,1.9928593573421607
100.0,0.3,0.0,0.0,1.6605631518563828
100.0,0.3,0.0,0.01,1.6597175925091743
100.0,0.3,0.0,0.1,1.7831556900256103
100.0,0.3,0.0,0.5,1.9997479697563707
100.0,0.3,0.0,1.0,1.999959998719959
100.0,0.3,0.01,0.0,1.465283045301258
100.0,0.3,0.01,0.01,1.4679047428457075
100.0,0.3,0.01,0.1,1.683484346785075
100.0,0.3,0.01,0.5,1.999735975181667
100.0,0.3,0.01,1.0,1.9999519980799232
100.0,0.3,0.1,0.0,0.58258
100.0,0.3,0.1,0.01,0.581124
100.0,0.3,0.1,0.1,0.700224
100.0,0.3,0.1,0.5,1.9993919075699507
100.0,0.3,0.1,1.0,1.9999519980799232
100.0,0.3,0.5,0.0,0.468748
100.0,0.3,0.5,0.01,0.47042
100.0,0.3,0.5,0.1,0.467976
100.0,0.3,0.5,0.5,1.915912346835058
100.0,0.3,0.5,1.0,1.9996639771504463
100.0,0.3,1.0,0.0,0.44204
100.0,0.3,1.0,0.01,0.4418
100.0,0.3,1.0,0.1,0.442416
100.0,0.3,1.0,0.5,0.6418277019324232
100.0,0.3,1.0,1.0,1.988582401536215
100.0,0.35,0.0,0.0,1.592400338047575
100.0,0.35,0.0,0.01,1.5922518683466433
100.0,0.35,0.0,0.1,1.7210005789367195
100.0,0.35,0.0,0.5,1.9990116422144817
100.0,0.35,0.0,1.0,1.9997759623616767
100.0,0.35,0.01,0.0,1.4087810384650796
100.0,0.35,0.01,0.01,1.413719599456388
100.0,0.35,0.01,0.1,1.6220258000953185
100.0,0.35,0.01,0.5,1.9989875808584754
100.0,0.35,0.01,1.0,1.9997479566485437
100.0,0.35,0.1,0.0,0.65128
100.0,0.35,0.1,0.01,0.650164
100.0,0.35,0.1,0.1,0.755232
100.0,0.35,0.1,0.5,1.9981388349106541
100.0,0.35,0.1,1.0,1.999651935956216
100.0,0.35,0.5,0.0,0.546284
100.0,0.35,0.5,0.01,0.551252
100.0,0.35,0.5,0.1,0.549232
100.0,0.35,0.5,0.5,1.8913088288562332
100.0,0.35,0.5,1.0,1.998755666518627
100.0,0.35,1.0,0.0,0.522556
100.0,0.35,1.0,0.01,0.522308
100.0,0.35,1.0,0.1,0.522212
100.0,0.35,1.0,0.5,0.7032046576838383
100.0,0.35,1.0,1.0,1.9823121440474023
100.0,0.4,0.0,0.0,1.528434243683171
100.0,0.4,0.0,0.01,1.5301925230312512
100.0,0.4,0.0,0.1,1.6581392506266819
100.0,0.4,0.0,0.5,1.9968881849147053
100.0,0.4,0.0,1.0,1.9990634061995305
100.0,0.4,0.01,0.0,1.3587923162683821
100.0,0.4,0.01,0.01,1.3632074433054489
100.0,0.4,0.01,0.1,1.561163959706006
100.0,0.4,0.01,0.5,1.9968959896185872
100.0,0.4,0.01,1.0,1.999063393078715
100.0,0.4,0.1,0.0,0.707484
100.0,0.4,0.1,0.01,0.709416
100.0,0.4,0.1,0.1,0.804456
100.0,0.4,0.1,0.5,1.9945757442827985
100.0,0.4,0.1,1.0,1.9987630871583228
100.0,0.4,0.5,0.0,0.61646
100.0,0.4,0.5,0.01,0.616312
100.0,0.4,0.5,0.1,0.619184
100.0,0.4,0.5,0.5,1.8596461023816722
100.0,0.4,0.5,1.0,1.9963089364172264
100.0,0.4,1.0,0.0,0.594936
100.0,0.4,1.0,0.01,0.591536
100.0,0.4,1.0,0.1,0.59144
100.0,0.4,1.0,0.5,0.7581656469816457
100.0,0.4,1.0,1.0,1.9756533361612387
100.0,0.45,0.0,0.0,1.4696456438168461
100.0,0.45,0.0,0.01,1.4694914405345032
100.0,0.45,0.0,0.1,1.5969943985789952
100.0,0.45,0.0,0.5,1.9920591610557825
100.0,0.45,0.0,1.0,1.997319061711673
100.0,0.45,0.01,0.0,1.3191565167785906
100.0,0.45,0.01,0.01,1.31894824290104
100.0,0.45,0.01,0.1,1.5056708238018357
100.0,0.45,0.01,0.5,1.9914357379351861
100.0,0.45,0.01,1.0,1.9971102493962987
100.0,0.45,0.1,0.0,0.759264
100.0,0.45,0.1,0.01,0.759728
100.0,0.45,0.1,0.1,0.842208
100.0,0.45,0.1,0.5,1.9871216120465918
100.0,0.45,0.1,1.0,1.9962320722800773
100.0,0.45,0.5,0.0,0.675728
100.0,0.45,0.5,0.01,0.679316
100.0,0.45,0.5,0.1,0.675436
100.0,0.45,0.5,0.5,1.8286081596853712
100.0,0.45,0.5,1.0,1.9920807792577333
100.0,0.45,1.0,0.0,0.654764
100.0,0.45,1.0,0.01,0.653036
100.0,0.45,1.0,0.1,0.654488
100.0,0.45,1.0,0.5,0.8020256243074917
100.0,0.45,1.0,1.0,1.9644602594533147
100.0,0.5,0.0,0.0,1.4139665162650168
100.0,0.5,0.0,0.01,1.4154755583163843
100.0,0.5,0.0,0.1,1.5371737744105178
100.0,0.5,0.0,0.5,1.983502829409751
100.0,0.5,0.0,1.0,1.993417708293567
100.0,0.5,0.01,0.0,1.2781778180820886
100.0,0.5,0.01,0.01,1.283761303147565
100.0,0.5,0.01,0.1,1.4519728959716618
100.0,0.5,0.01,0.5,1.9826372037480442
100.0,0.5,0.01,1.0,1.992978253486255
100.0,0.5,0.1,0.0,0.799192
100.0,0.5,0.1,0.01,0.802108
100.0,0.5,0.1,0.1,0.872056
100.0,0.5,0.1,0.5,1.9744821985931358
100.0,0.5,0.1,1.0,1.9917954201480523
100.0,0.5,0.5,0.0,0.72734
100.0,0.5,0.5,0.01,0.726992
100.0,0.5,0.5,0.1,0.727584
100.0,0.5,0.5,0.5,1.7880129115765389
100.0,0.5,0.5,1.0,1.9836322045914176
100.0,0.5,1.0,0.0,0.708452
100.0,0.5,1.0,0.01,0.70838
100.0,0.5,1.0,0.1,0.71178
100.0,0.5,1.0,0.5,0.8399740796889563
100.0,0.5,1.0,1.0,1.9510026106315166
100.0,0.55,0.0,0.0,1.3634789440351454
100.0,0.55,0.0,0.01,1.3626589013834416
100.0,0.55,0.0,0.1,1.4746703524866245
100.0,0.55,0.0,0.5,1.967547514064163
100.0,0.55,0.0,1.0,1.9856914261700218
100.0,0.55,0.01,0.0,1.2437043428473047
100.0,0.55,0.01,0.01,1.2478203683202171
100.0,0.55,0.01,0.1,1.3982279247158607
100.0,0.55,0.01,0.5,1.9659214344773916
100.0,0.55,0.01,1.0,1.9852370040777068
100.0,0.55,0.1,0.0,0.83674
100.0,0.55,0.1,0.01,0.838532
100.0,0.55,0.1,0.1,0.896452
100.0,0.55,0.1,0.5,1.9526974032211974
100.0,0.55,0.1,1.0,1.9827200814884578
100.0,0.55,0.5,0.0,0.772968
100.0,0.55,0.5,0.01,0.770864
100.0,0.55,0.5,0.1,0.773996
100.0,0.55,0.5,0.5,1.744764975258443
100.0,0.55,0.5,1.0,1.9693244733060438
100.0,0.55,1.0,0.0,0.755552
100.0,0.55,1.0,0.01,0.757116
100.0,0.55,1.0,0.1,0.757272
100.0,0.55,1.0,0.5,0.8746179938879022
100.0,0.55,1.0,1.0,1.932687396213716
100.0,0.6,0.0,0.0,1.3127887701124312
100.0,0.6,0.0,0.01,1.3159775886780727
100.0,0.6,0.0,0.1,1.4199674454731745
100.0,0.6,0.0,0.5,1.9419013579958815
100.0,0.6,0.0,1.0,1.9713611901080024
100.0,0.6,0.01,0.0,1.2115595224509328
100.0,0.6,0.01,0.01,1.2127163255049347
100.0,0.6,0.01,0.1,1.3507435909257652
100.0,0.6,0.01,0.5,1.9406823534708026
100.0,0.6,0.01,1.0,1.9707508478827913
100.0,0.6,0.1,0.0,0.868984
100.0,0.6,0.1,0.01,0.868968
100.0,0.6,0.1,0.1,0.92044
100.0,0.6,0.1,0.5,1.9218436586916827
100.0,0.6,0.1,1.0,1.966278958306565
100.0,0.6,0.5,0.0,0.814672
100.0,0.6,0.5,0.01,0.812676
100.0,0.6,0.5,0.1,0.813448
100.0,0.6,0.5,0.5,1.6950829211521676
100.0,0.6,0.5,1.0,1.9469955349719972
100.0,0.6,1.0,0.0,0.797032
100.0,0.6,1.0,0.01,0.797444
100.0,0.6,1.0,0.1,0.796784
100.0,0.6,1.0,0.5,0.898188574640045
100.0,0.6,1.0,1.0,1.9088420997756341
100.0,0.65,0.0,0.0,1.2668644628430528
100.0,0.65,0.0,0.01,1.2690253778615244
100.0,0.65,0.0,0.1,1.3598999435877772
100.0,0.65,0.0,0.5,1.9042009833412858
100.0,0.65,0.0,1.0,1.949368503640342
100.0,0.65,0.01,0.0,1.179362517571015
100.0,0.65,0.01,0.01,1.1810463928878923
100.0,0.65,0.01,0.1,1.299476874399729
100.0,0.65,0.01,0.5,1.901829927329833
100.0,0.65,0.01,1.0,1.9481888671490832
100.0,0.65,0.1,0.0,0.8957
100.0,0.65,0.1,0.01,0.894728
100.0,0.65,0.1,0.1,0.939988
100.0,0.65,0.1,0.5,1.8782182416150417
100.0,0.65,0.1,1.0,1.9402218417330455
100.0,0.65,0.5,0.0,0.848388
100.0,0.65,0.5,0.01,0.848648
100.0,0.65,0.5,0.1,0.84482
100.0,0.65,0.5,0.5,1.6361152463782092
100.0,0.65,0.5,1.0,1.9151778314811139
100.0,0.65,1.0,0.0,0.834368
100.0,0.65,1.0,0.01,0.835448
100.0,0.65,1.0,0.1,0.835624
100.0,0.65,1.0,0.5,0.9205630467565611
100.0,0.65,1.0,1.0,1.8745929483895722
100.0,0.7,0.0,0.0,1.2249189478559528
100.0,0.7,0.0,0.01,1.2249296305503652
100.0,0.7,0.0,0.1,1.3060871171952826
100.0,0.7,0.0,0.5,1.8496567167332107
100.0,0.7,0.0,1.0,1.9132566439872816
100.0,0.7,0.01,0.0,1.153555472337426
100.0,0.7,0.01,0.01,1.154707761322559
100.0,0.7,0.01,0.1,1.2543175710905226
100.0,0.7,0.01,0.5,1.847919176547672
100.0,0.7,0.01,1.0,1.9117664473127738
100.0,0.7,0.1,0.0,0.916216
100.0,0.7,0.1,0.01,0.918392
100.0,0.7,0.1,0.1,0.9555739111478223
100.0,0.7,0.1,0.5,1.8171433131251193
100.0,0.7,0.1,1.0,1.9038303777233685
100.0,0.7,0.5,0.0,0.875328
100.0,0.7,0.5,0.01,0.875124
100.0,0.7,0.5,0.1,0.877628
100.0,0.7,0.5,0.5,1.5748410110110311
100.0,0.7,0.5,1.0,1.870046827731963
100.0,0.7,1.0,0.0,0.867044
100.0,0.7,1.0,0.01,0.864908
100.0,0.7,1.0,0.1,0.865784
100.0,0.7,1.0,0.5,0.9428732002248031
100.0,0.7,1.0,1.0,1.831926951380134
100.0,0.75,0.0,0.0,1.1818245618256447
100.0,0.75,0.0,0.01,1.181150177684724
100.0,0.75,0.0,0.1,1.2482097649186257
100.0,0.75,0.0,0.5,1.7791064908787881
100.0,0.75,0.0,1.0,1.8615355798717592
100.0,0.75,0.01,0.0,1.1251046410561436
100.0,0.75,0.01,0.01,1.1278340936307238
100.0,0.75,0.01,0.1,1.2103998427426959
100.0,0.75,0.01,0.5,1.7755349579363175
100.0,0.75,0.01,1.0,1.8601954014224875
100.0,0.75,0.1,0.0,0.93582
100.0,0.75,0.1,0.01,0.937104
100.0,0.75,0.1,0.1,0.968308
100.0,0.75,0.1,0.5,1.7397616319830371
100.0,0.75,0.1,1.0,1.8466341116315192
100.0,0.75,0.5,0.0,0.90266
100.0,0.75,0.5,0.01,0.90114
100.0,0.75,0.5,0.1,0.901312
100.0,0.75,0.5,0.5,1.501615839460352
100.0,0.75,0.5,1.0,1.8058891951349028
100.0,0.75,1.0,0.0,0.897492
100.0,0.75,1.0,0.01,0.893448
100.0,0.75,1.0,0.1,0.89324
100.0,0.75,1.0,0.5,0.955031280500488
100.0,0.75,1.0,1.0,1.7721114377213976
100.0,0.8,0.0,0.0,1.1409289639404756
100.0,0.8,0.0,0.01,1.142563098459878
100.0,0.8,0.0,0.1,1.1959003262291885
100.0,0.8,0.0,0.5,1.6852813775805175
100.0,0.8,0.0,1.0,1.783195070082822
100.0,0.8,0.01,0.0,1.098179341839085
100.0,0.8,0.01,0.01,1.0995802425621224
100.0,0.8,0.01,0.1,1.165987906704276
100.0,0.8,0.01,0.5,1.6803669187086805
100.0,0.8,0.01,1.0,1.7848899879525713
100.0,0.8,0.1,0.0,0.950788
100.0,0.8,0.1,0.01,0.951
100.0,0.8,0.1,0.1,0.975168
100.0,0.8,0.1,0.5,1.6428012262909073
100.0,0.8,0.1,1.0,1.7692300773115894
100.0,0.8,0.5,0.0,0.9273
100.0,0.8,0.5,0.01,0.928272
100.0,0.8,0.5,0.1,0.927044
100.0,0.8,0.5,0.5,1.4219060993968295
100.0,0.8,0.5,1.0,1.720265879578025
100.0,0.8,1.0,0.0,0.919368
100.0,0.8,1.0,0.01,0.920172
100.0,0.8,1.0,0.1,0.921484
100.0,0.8,1.0,0.5,0.970553234384094
100.0,0.8,1.0,1.0,1.6940544062550904
100.0,0.85,0.0,0.0,1.1063522531033196
100.0,0.85,0.0,0.01,1.1036022482458145
100.0,0.85,0.0,0.1,1.1471422454776259
100.0,0.85,0.0,0.5,1.565426682788828
100.0,0.85,0.0,1.0,1.6763459799114582
100.0,0.85,0.01,0.0,1.0724894888338263
100.0,0.85,0.01,0.01,1.0740364603677286
100.0,0.85,0.01,0.1,1.1211148085854552
100.0,0.85,0.01,0.5,1.559989100592827
100.0,0.85,0.01,1.0,1.673225876963724
100.0,0.85,0.1,0.0,0.96526
100.0,0.85,0.1,0.01,0.967616
100.0,0.85,0.1,0.1,0.9821539643079286
100.0,0.85,0.1,0.5,1.5239016352336432
100.0,0.85,0.1,1.0,1.658336015713658
100.0,0.85,0.5,0.0,0.947148
100.0,0.85,0.5,0.01,0.949056
100.0,0.85,0.5,0.1,0.95068
100.0,0.85,0.5,0.5,1.336950150790866
100.0,0.85,0.5,1.0,1.609997693317719
100.0,0.85,1.0,0.0,0.941852
100.0,0.85,1.0,0.01,0.941924
100.0,0.85,1.0,0.1,0.94092
100.0,0.85,1.0,0.5,0.9809650482524126
100.0,0.85,1.0,1.0,1.5904134320646077
100.0,0.9,0.0,0.0,1.0667544019788593
100.0,0.9,0.0,0.01,1.070798323962957
100.0,0.9,0.0,0.1,1.0947881118192038
100.0,0.9,0.0,0.5,1.416777048230809
100.0,0.9,0.0,1.0,1.523753494639876
100.0,0.9,0.01,0.0,1.050529006205457
100.0,0.9,0.01,0.01,1.0484802108915214
100.0,0.9,0.01,0.1,1.0808703681400298
100.0,0.9,0.01,0.5,1.4109381177044298
100.0,0.9,0.01,1.0,1.5232486891536252
100.0,0.9,0.1,0.0,0.97892
100.0,0.9,0.1,0.01,0.979612
100.0,0.9,0.1,0.1,0.991304
100.0,0.9,0.1,0.5,1.3793515750747298
100.0,0.9,0.1,1.0,1.507346615909428
100.0,0.9,0.5,0.0,0.96728
100.0,0.9,0.5,0.01,0.968224
100.0,0.9,0.5,0.1,0.966424
100.0,0.9,0.5,0.5,1.2395666793618725
100.0,0.9,0.5,1.0,1.4635269040476662
100.0,0.9,1.0,0.0,0.962364
100.0,0.9,1.0,0.01,0.964524
100.0,0.9,1.0,0.1,0.963596
100.0,0.9,1.0,0.5,0.9895554151032457
100.0,0.9,1.0,1.0,1.453357336184716
100.0,0.95,0.0,0.0,1.0332369449221501
100.0,0.95,0.0,0.01,1.0314754137832094
100.0,0.95,0.0,0.1,1.0472187796752024
100.0,0.95,0.0,0.5,1.2321551162018183
100.0,0.95,0.0,1.0,1.312780269058296
100.0,0.95,0.01,0.0,1.0241217789210912
100.0,0.95,0.01,0.01,1.024068434970751
100.0,0.95,0.01,0.1,1.0374546724975002
100.0,0.95,0.01,0.5,1.2311155087705548
100.0,0.95,0.01,1.0,1.311279901937169
100.0,0.95,0.1,0.0,0.991584
100.0,0.95,0.1,0.01,0.990212
100.0,0.95,0.1,0.1,0.9971899943799888
100.0,0.95,0.1,0.5,1.2041404872329462
100.0,0.95,0.1,1.0,1.301460614313338
100.0,0.95,0.5,0.0,0.987516
100.0,0.95,0.5,0.01,0.981796
100.0,0.95,0.5,0.1,0.986068
100.0,0.95,0.5,0.5,1.1267644877505112
100.0,0.95,0.5,1.0,1.2759243704517336
100.0,0.95,1.0,0.0,0.98314
100.0,0.95,1.0,0.01,0.98268
100.0,0.95,1.0,0.1,0.983228
100.0,0.95,1.0,0.5,0.9940414160587737
100.0,0.95,1.0,1.0,1.273300149519676
100.0,1.0,0.0,0.0,1.0009691769620817
100.0,1.0,0.0,0.01,1.0001504909013201
100.0,1.0,0.0,0.1,1.0008069433348694
100.0,1.0,0.0,0.5,1.0011229028701807
100.0,1.0,0.0,1.0,1.0005352622061483
100.0,1.0,0.01,0.0,1.0010357504182068
100.0,1.0,0.01,0.01,0.9998938005574469
100.0,1.0,0.01,0.1,1.0001526269916818
100.0,1.0,0.01,0.5,1.0000203758322255
100.0,1.0,0.01,1.0,0.9976463530008999
100.0,1.0,0.1,0.0,0.999912
100.0,1.0,0.1,0.01,1.000948
100.0,1.0,0.1,0.1,0.99882
100.0,1.0,0.1,0.5,0.9996952163598105
100.0,1.0,0.1,1.0,0.9979535291095746
100.0,1.0,0.5,0.0,1.000064
100.0,1.0,0.5,0.01,0.99936
100.0,1.0,0.5,0.1,0.999072
100.0,1.0,0.5,0.5,0.9972793435560288
100.0,1.0,0.5,1.0,0.9997130413804487
100.0,1.0,1.0,0.0,1.000284
100.0,1.0,1.0,0.01,1.001876
100.0,1.0,1.0,0.1,1.000784
100.0,1.0,1.0,0.5,0.9987713070171577
100.0,1.0,1.0,1.0,1.0015150594204953
1000.0,0.25,0.0,0.0,1.7437970409810326
1000.0,0.25,0.0,0.01,1.7602995505541565
1000.0,0.25,0.0,0.1,1.9924838196116708
1000.0,0.25,0.0,0.5,2.0
1000.0,0.25,0.0,1.0,2.0
1000.0,0.25,0.01,0.0,0.702692
1000.0,0.25,0.01,0.01,0.73286
1000.0,0.25,0.01,0.1,1.9641074257188116
1000.0,0.25,0.01,0.5,2.0
1000.0,0.25,0.01,1.0,2.0
1000.0,0.25,0.1,0.0,0.406428
1000.0,0.25,0.1,0.01,0.40716
1000.0,0.25,0.1,0.1,0.777412
1000.0,0.25,0.1,0.5,2.0
1000.0,0.25,0.1,1.0,2.0
1000.0,0.25,0.5,0.0,0.376304
1000.0,0.25,0.5,0.01,0.376876
1000.0,0.25,0.5,0.1,0.380052
1000.0,0.25,0.5,0.5,2.0
1000.0,0.25,0.5,1.0,2.0
1000.0,0.25,1.0,0.0,0.350588
1000.0,0.25,1.0,0.01,0.349868
1000.0,0.25,1.0,0.1,0.352176
1000.0,0.25,1.0,0.5,1.685576
1000.0,0.25,1.0,1.0,2.0
1000.0,0.3,0.0,0.0,1.6758844579038643
1000.0,0.3,0.0,0.01,1.691148497146709
1000.0,0.3,0.0,0.1,1.9831632928583
1000.0,0.3,0.0,0.5,2.0
1000.0,0.3,0.0,1.0,2.0
1000.0,0.3,0.01,0.0,0.764532
1000.0,0.3,0.01,0.01,0.786244
1000.0,0.3,0.01,0.1,1.9460987063689528
1000.0,0.3,0.01,0.5,2.0
1000.0,0.3,0.01,1.0,2.0
1000.0,0.3,0.1,0.0,0.495296
1000.0,0.3,0.1,0.01,0.494372
1000.0,0.3,0.1,0.1,0.826772
1000.0,0.3,0.1,0.5,1.999996
1000.0,0.3,0.1,1.0,2.0
1000.0,0.3,0.5,0.0,0.470492
1000.0,0.3,0.5,0.01,0.466368
1000.0,0.3,0.5,0.1,0.466708
1000.0,0.3,0.5,0.5,2.0
1000.0,0.3,0.5,1.0,2.0
1000.0,0.3,1.0,0.0,0.440596
1000.0,0.3,1.0,0.01,0.438952
1000.0,0.3,1.0,0.1,0.44078
1000.0,0.3,1.0,0.5,1.659456
1000.0,0.3,1.0,1.0,2.0
1000.0,0.35,0.0,0.0,1.6069936252477792
1000.0,0.35,0.0,0.01,1.624244388169449
1000.0,0.35,0.0,0.1,1.9674327432743275
1000.0,0.35,0.0,0.5,2.0
1000.0,0.35,0.0,1.0,1.999996
1000.0,0.35,0.01,0.0,0.811672
1000.0,0.35,0.01,0.01,0.832676
1000.0,0.35,0.01,0.1,1.9232616978509356
1000.0,0.35,0.01,0.5,2.0
1000.0,0.35,0.01,1.0,2.0
1000.0,0.35,0.1,0.0,0.569532
1000.0,0.35,0.1,0.01,0.569372
1000.0,0.35,0.1,0.1,0.86928
1000.0,0.35,0.1,0.5,1.999992
1000.0,0.35,0.1,1.0,2.0
1000.0,0.35,0.5,0.0,0.544644
1000.0,0.35,0.5,0.01,0.5454
1000.0,0.35,0.5,0.1,0.54572
1000.0,0.35,0.5,0.5,2.0
1000.0,0.35,0.5,1.0,2.0
1000.0,0.35,1.0,0.0,0.52076
1000.0,0.35,1.0,0.01,0.520244
1000.0,0.35,1.0,0.1,0.520432
1000.0,0.35,1.0,0.5,1.6298632597265195
1000.0,0.35,1.0,1.0,2.0
1000.0,0.4,0.0,0.0,1.5471222568275513
1000.0,0.4,0.0,0.01,1.562058805291236
1000.0,0.4,0.0,0.1,1.9440423752885496
1000.0,0.4,0.0,0.5,1.9999759998079985
1000.0,0.4,0.0,1.0,2.0
1000.0,0.4,0.01,0.0,0.851412
1000.0,0.4,0.01,0.01,0.870892
1000.0,0.4,0.01,0.1,1.8939660620994776
1000.0,0.4,0.01,0.5,1.9999799997599972
1000.0,0.4,0.01,1.0,1.999995999984
1000.0,0.4,0.1,0.0,0.634704
1000.0,0.4,0.1,0.01,0.638804
1000.0,0.4,0.1,0.1,0.901516
1000.0,0.4,0.1,0.5,1.9999799999599999
1000.0,0.4,0.1,1.0,1.999996
1000.0,0.4,0.5,0.0,0.61484
1000.0,0.4,0.5,0.01,0.612716
1000.0,0.4,0.5,0.1,0.616484
1000.0,0.4,0.5,0.5,2.0
1000.0,0.4,0.5,1.0,2.0
1000.0,0.4,1.0,0.0,0.58988
1000.0,0.4,1.0,0.01,0.59288
1000.0,0.4,1.0,0.1,0.591588
1000.0,0.4,1.0,0.5,1.601308
1000.0,0.4,1.0,1.0,2.0
1000.0,0.45,0.0,0.0,1.4859382157667218
1000.0,0.45,0.0,0.01,1.4997849539801518
1000.0,0.45,0.0,0.1,1.911266089698192
1000.0,0.45,0.0,0.5,1.9999239965038391
1000.0,0.45,0.0,1.0,1.999979999679995
1000.0,0.45,0.01,0.0,0.88698
1000.0,0.45,0.01,0.01,0.901092
1000.0,0.45,0.01,0.1,1.8552715533535884
1000.0,0.45,0.01,0.5,1.9998679941917445
1000.0,0.45,0.01,1.0,1.9999959999679997
1000.0,0.45,0.1,0.0,0.694828
1000.0,0.45,0.1,0.01,0.695144
1000.0,0.45,0.1,0.1,0.926132
1000.0,0.45,0.1,0.5,1.9998319882391768
1000.0,0.45,0.1,1.0,1.999979999719996
1000.0,0.45,0.5,0.0,0.674296
1000.0,0.45,0.5,0.01,0.673064
1000.0,0.45,0.5,0.1,0.673632
1000.0,0.45,0.5,0.5,1.999992
1000.0,0.45,0.5,1.0,1.9999679996799968
1000.0,0.45,1.0,0.0,0.652148
1000.0,0.45,1.0,0.01,0.655612
1000.0,0.45,1.0,0.1,0.653324
1000.0,0.45,1.0,0.5,1.567936
1000.0,0.45,1.0,1.0,2.0
1000.0,0.5,0.0,0.0,1.427937596392929
1000.0,0.5,0.0,0.01,1.4419102409204747
1000.0,0.5,0.0,0.1,1.8683112091148846
1000.0,0.5,0.0,0.5,1.9994838843901035
1000.0,0.5,0.0,1.0,1.999879989199028
1000.0,0.5,0.01,0.0,0.916464
1000.0,0.5,0.01,0.01,0.926096
1000.0,0.5,0.01,0.1,1.810438769142144
1000.0,0.5,0.01,0.5,1.9994318716029822
1000.0,0.5,0.01,1.0,1.9999359953916682
1000.0,0.5,0.1,0.0,0.745576
1000.0,0.5,0.1,0.01,0.746744
1000.0,0.5,0.1,0.1,0.950976
1000.0,0.5,0.1,0.5,1.9990237325027058
1000.0,0.5,0.1,1.0,1.9998159852788222
1000.0,0.5,0.5,0.0,0.72666
1000.0,0.5,0.5,0.01,0.728088
1000.0,0.5,0.5,0.1,0.726456
1000.0,0.5,0.5,0.5,1.999992
1000.0,0.5,0.5,1.0,1.999883996751909
1000.0,0.5,1.0,0.0,0.708932
1000.0,0.5,1.0,0.01,0.707904
1000.0,0.5,1.0,0.1,0.708788
1000.0,0.5,1.0,0.5,1.531092
1000.0,0.5,1.0,1.0,2.0
1000.0,0.55,0.0,0.0,1.3761580209769086
1000.0,0.55,0.0,0.01,1.38876786589452
1000.0,0.55,0.0,0.1,1.8117735583234607
1000.0,0.55,0.0,0.5,1.9980023419438133
1000.0,0.55,0.0,1.0,1.999511842813386
1000.0,0.55,0.01,0.0,0.933688
1000.0,0.55,0.01,0.01,0.945232
1000.0,0.55,0.01,0.1,1.7558999675946856
1000.0,0.55,0.01,0.5,1.9982144966061424
1000.0,0.55,0.01,1.0,1.9995158179475483
1000.0,0.55,0.1,0.0,0.78896
1000.0,0.55,0.1,0.01,0.787088
1000.0,0.55,0.1,0.1,0.968728
1000.0,0.55,0.1,0.5,1.997145345171009
1000.0,0.55,0.1,1.0,1.999503810455594
1000.0,0.55,0.5,0.0,0.773352
1000.0,0.55,0.5,0.01,0.771784
1000.0,0.55,0.5,0.1,0.77292
1000.0,0.55,0.5,0.5,1.999944
1000.0,0.55,0.5,1.0,1.999407902896075
1000.0,0.55,1.0,0.0,0.754472
1000.0,0.55,1.0,0.01,0.75428
1000.0,0.55,1.0,0.1,0.757508
1000.0,0.55,1.0,0.5,1.492072
1000.0,0.55,1.0,1.0,2.0
1000.0,0.6,0.0,0.0,1.3264289129438878
1000.0,0.6,0.0,0.01,1.3392666742683847
1000.0,0.6,0.0,0.1,1.7464538936108032
1000.0,0.6,0.0,0.5,1.9945262499398488
1000.0,0.6,0.0,1.0,1.9983178670554262
1000.0,0.6,0.01,0.0,0.954164
1000.0,0.6,0.01,0.01,0.962256
1000.0,0.6,0.01,0.1,1.690366307181109
1000.0,0.6,0.01,0.5,1.994329312920464
1000.0,0.6,0.01,1.0,1.998265676005848
1000.0,0.6,0.1,0.0,0.829352
1000.0,0.6,0.1,0.01,0.824412
1000.0,0.6,0.1,0.1,0.979392
1000.0,0.6,0.1,0.5,1.9921472687896045
1000.0,0.6,0.1,1.0,1.9980973858081004
1000.0,0.6,0.5,0.0,0.813592
1000.0,0.6,0.5,0.01,0.81164
1000.0,0.6,0.5,0.1,0.812124
1000.0,0.6,0.5,0.5,1.9997479974799748
1000.0,0.6,0.5,1.0,1.9980947768467356
1000.0,0.6,1.0,0.0,0.796532
1000.0,0.6,1.0,0.01,0.799672
1000.0,0.6,1.0,0.1,0.799688
1000.0,0.6,1.0,0.5,1.455766911533823
1000.0,0.6,1.0,1.0,1.999992
1000.0,0.65,0.0,0.0,1.280233025713251
1000.0,0.65,0.0,0.01,1.291239160223647
1000.0,0.65,0.0,0.1,1.672149135980457
1000.0,0.65,0.0,0.5,1.9862264386368118
1000.0,0.65,0.0,1.0,1.9951399279022362
1000.0,0.65,0.01,0.0,0.964708
1000.0,0.65,0.01,0.01,0.975288
1000.0,0.65,0.01,0.1,1.6189639789226886
1000.0,0.65,0.01,0.5,1.9855469111603927
1000.0,0.65,0.01,1.0,1.9948192250926213
1000.0,0.65,0.1,0.0,0.859324
1000.0,0.65,0.1,0.01,0.858532
1000.0,0.65,0.1,0.1,0.990584
1000.0,0.65,0.1,0.5,1.9803951168946188
1000.0,0.65,0.1,1.0,1.994112627129705
1000.0,0.65,0.5,0.0,0.846764
1000.0,0.65,0.5,0.01,0.84796
1000.0,0.65,0.5,0.1,0.845016
1000.0,0.65,0.5,0.5,1.9991199859197748
1000.0,0.65,0.5,1.0,1.99422941675032
1000.0,0.65,1.0,0.0,0.835616
1000.0,0.65,1.0,0.01,0.834
1000.0,0.65,1.0,0.1,0.832352
1000.0,0.65,1.0,0.5,1.414612
1000.0,0.65,1.0,1.0,1.999992
1000.0,0.7,0.0,0.0,1.2342154540507666
1000.0,0.7,0.0,0.01,1.2437826472288742
1000.0,0.7,0.0,0.1,1.586946332787194
1000.0,0.7,0.0,0.5,1.9673873994556448
1000.0,0.7,0.0,1.0,1.9865567215381537
1000.0,0.7,0.01,0.0,0.9792
1000.0,0.7,0.01,0.01,0.987652
1000.0,0.7,0.01,0.1,1.5432429999099666
1000.0,0.7,0.01,0.5,1.9668403119527078
1000.0,0.7,0.01,1.0,1.986517571626664
1000.0,0.7,0.1,0.0,0.886628
1000.0,0.7,0.1,0.01,0.888764
1000.0,0.7,0.1,0.1,0.994724
1000.0,0.7,0.1,0.5,1.9571890129013023
1000.0,0.7,0.1,1.0,1.9851450630071648
1000.0,0.7,0.5,0.0,0.87716
1000.0,0.7,0.5,0.01,0.875792
1000.0,0.7,0.5,0.1,0.877344
1000.0,0.7,0.5,0.5,1.9968637553729192
1000.0,0.7,0.5,1.0,1.984530466699096
1000.0,0.7,1.0,0.0,0.865748
1000.0,0.7,1.0,0.01,0.865248
1000.0,0.7,1.0,0.1,0.863036
1000.0,0.7,1.0,0.5,1.370152
1000.0,0.7,1.0,1.0,1.9999279992799928
1000.0,0.75,0.0,0.0,1.19130412167988
1000.0,0.75,0.0,0.01,1.2024854561604263
1000.0,0.75,0.0,0.1,1.4939123709997655
1000.0,0.75,0.0,0.5,1.9337688891268225
1000.0,0.75,0.0,1.0,1.968917483710383
1000.0,0.75,0.01,0.0,0.983388
1000.0,0.75,0.01,0.01,0.991604
1000.0,0.75,0.01,0.1,1.4568603792612869
1000.0,0.75,0.01,0.5,1.93169311722721
1000.0,0.75,0.01,1.0,1.9679753675596336
1000.0,0.75,0.1,0.0,0.91096
1000.0,0.75,0.1,0.01,0.91448
1000.0,0.75,0.1,0.1,1.00242
1000.0,0.75,0.1,0.5,1.9151222298237072
1000.0,0.75,0.1,1.0,1.964355486748498
1000.0,0.75,0.5,0.0,0.902192
1000.0,0.75,0.5,0.01,0.9026
1000.0,0.75,0.5,0.1,0.904852
1000.0,0.75,0.5,0.5,1.9901615207032173
1000.0,0.75,0.5,1.0,1.9637583729538404
1000.0,0.75,1.0,0.0,0.893952
1000.0,0.75,1.0,0.01,0.893072
1000.0,0.75,1.0,0.1,0.896592
1000.0,0.75,1.0,0.5,1.3216906433812867
1000.0,0.75,1.0,1.0,1.9995599709580831
1000.0,0.8,0.0,0.0,1.1508702436682272
1000.0,0.8,0.0,0.01,1.1595927504946573
1000.0,0.8,0.0,0.1,1.3992240294355776
1000.0,0.8,0.0,0.5,1.8712797273383817
1000.0,0.8,0.0,1.0,1.93192059227316
1000.0,0.8,0.01,0.0,0.99068
1000.0,0.8,0.01,0.01,0.993792
1000.0,0.8,0.01,0.1,1.366401581704735
1000.0,0.8,0.01,0.5,1.8681498073309162
1000.0,0.8,0.01,1.0,1.930386893977061
1000.0,0.8,0.1,0.0,0.932724
1000.0,0.8,0.1,0.01,0.935576
1000.0,0.8,0.1,0.1,1.007452
1000.0,0.8,0.1,0.5,1.8465798100220494
1000.0,0.8,0.1,1.0,1.925437500131287
1000.0,0.8,0.5,0.0,0.9278
1000.0,0.8,0.5,0.01,0.927136
1000.0,0.8,0.5,0.1,0.926088
1000.0,0.8,0.5,0.5,1.970370815192914
1000.0,0.8,0.5,1.0,1.9211143471996415
1000.0,0.8,1.0,0.0,0.922176
1000.0,0.8,1.0,0.01,0.918536
1000.0,0.8,1.0,0.1,0.92298
1000.0,0.8,1.0,0.5,1.271048
1000.0,0.8,1.0,1.0,1.9978070789731688
1000.0,0.85,0.0,0.0,1.1125182055344824
1000.0,0.85,0.0,0.01,1.1171442976383876
1000.0,0.85,0.0,0.1,1.3018364073777065
1000.0,0.85,0.0,0.5,1.7682275308871647
1000.0,0.85,0.0,1.0,1.86054576338488
1000.0,0.85,0.01,0.0,0.993192
1000.0,0.85,0.01,0.01,0.99998
1000.0,0.85,0.01,0.1,1.2761424468926046
1000.0,0.85,0.01,0.5,1.7660187232255906
1000.0,0.85,0.01,1.0,1.8581271317419266
1000.0,0.85,0.1,0.0,0.954968
1000.0,0.85,0.1,0.01,0.954052
1000.0,0.85,0.1,0.1,1.00574
1000.0,0.85,0.1,0.5,1.7348715481325017
1000.0,0.85,0.1,1.0,1.8496791733208902
1000.0,0.85,0.5,0.0,0.947708
1000.0,0.85,0.5,0.01,0.948964
1000.0,0.85,0.5,0.1,0.946796
1000.0,0.85,0.5,0.5,1.9180277584537382
1000.0,0.85,0.5,1.0,1.842632054214173
1000.0,0.85,1.0,0.0,0.94332
1000.0,0.85,1.0,0.01,0.943704
1000.0,0.85,1.0,0.1,0.943136
1000.0,0.85,1.0,0.5,1.213288
1000.0,0.85,1.0,1.0,1.9906311735877635
1000.0,0.9,0.0,0.0,1.0734487691184267
1000.0,0.9,0.0,0.01,1.0750846277579047
1000.0,0.9,0.0,0.1,1.1940436778244103
1000.0,0.9,0.0,0.5,1.6069139514153528
1000.0,0.9,0.0,1.0,1.7257212294293287
1000.0,0.9,0.01,0.0,0.998068
1000.0,0.9,0.01,0.01,1.000668
1000.0,0.9,0.01,0.1,1.1820206997732272
1000.0,0.9,0.01,0.5,1.6034227670721026
1000.0,0.9,0.01,1.0,1.7223511305509591
1000.0,0.9,0.1,0.0,0.971436
1000.0,0.9,0.1,0.01,0.968084
1000.0,0.9,0.1,0.1,1.007304
1000.0,0.9,0.1,0.5,1.5669360918655664
1000.0,0.9,0.1,1.0,1.7125342955564176
1000.0,0.9,0.5,0.0,0.965572
1000.0,0.9,0.5,0.01,0.967072
1000.0,0.9,0.5,0.1,0.96566
1000.0,0.9,0.5,0.5,1.786874128393104
1000.0,0.9,0.5,1.0,1.6998873662887963
1000.0,0.9,1.0,0.0,0.966312
1000.0,0.9,1.0,0.01,0.966648
1000.0,0.9,1.0,0.1,0.96378
1000.0,0.9,1.0,0.5,1.1530629183775103
1000.0,0.9,1.0,1.0,1.957169572542097
1000.0,0.95,0.0,0.0,1.0361147846337604
1000.0,0.95,0.0,0.01,1.0382791585467845
1000.0,0.95,0.0,0.1,1.0949120041079459
1000.0,0.95,0.0,0.5,1.3618650116744697
1000.0,0.95,0.0,1.0,1.4771993862721224
1000.0,0.95,0.01,0.0,1.001364
1000.0,0.95,0.01,0.01,0.999836
1000.0,0.95,0.01,0.1,1.0925016312985136
1000.0,0.95,0.01,0.5,1.358414944915193
1000.0,0.95,0.01,1.0,1.4754866394411161
1000.0,0.95,0.1,0.0,0.984732
1000.0,0.95,0.1,0.01,0.985256
1000.0,0.95,0.1,0.1,1.001744
1000.0,0.95,0.1,0.5,1.3358528443707836
1000.0,0.95,0.1,1.0,1.465973006234807
1000.0,0.95,0.5,0.0,0.983872
1000.0,0.95,0.5,0.01,0.982292
1000.0,0.95,0.5,0.1,0.98514
1000.0,0.95,0.5,0.5,1.5067228169871631
1000.0,0.95,0.5,1.0,1.455384536296871
1000.0,0.95,1.0,0.0,0.981756
1000.0,0.95,1.0,0.01,0.983088
1000.0,0.95,1.0,0.1,0.984052
1000.0,0.95,1.0,0.5,1.0825628256282562
1000.0,0.95,1.0,1.0,1.797115760030904
1000.0,1.0,0.0,0.0,1.0018546417060303
1000.0,1.0,0.0,0.01,1.0005942412619524
1000.0,1.0,0.0,0.1,1.0004573629415658
1000.0,1.0,0.0,0.5,1.0030216564797318
1000.0,1.0,0.0,1.0,0.9992194138402822
1000.0,1.0,0.01,0.0,0.999912
1000.0,1.0,0.01,0.01,1.000048
1000.0,1.0,0.01,0.1,0.9986566701034024
1000.0,1.0,0.01,0.5,1.0016077211251508
1000.0,1.0,0.01,1.0,1.0018808128332404
1000.0,1.0,0.1,0.0,1.000896
1000.0,1.0,0.1,0.01,0.998844
1000.0,1.0,0.1,0.1,1.001708
1000.0,1.0,0.1,0.5,0.998847148459493
1000.0,1.0,0.1,1.0,1.0020781391539926
1000.0,1.0,0.5,0.0,0.99866
1000.0,1.0,0.5,0.01,0.999416
1000.0,1.0,0.5,0.1,0.999156
1000.0,1.0,0.5,0.5,0.9989272768393468
1000.0,1.0,0.5,1.0,1.0004026672271928
1000.0,1.0,1.0,0.0,1.001084
1000.0,1.0,1.0,0.01,0.99984
1000.0,1.0,1.0,0.1,1.000036
1000.0,1.0,1.0,0.5,1.0018688821123571
1000.0,1.0,1.0,1.0,0.9986288848263254
